song,duration_min
"""Slut!"" (Taylor's Version) (From The Vault)",3.01
(Don't Fear) The Reaper,5.14
(There's No Place Like) Home for the Holidays - 1959 Version,2.93
16 CARRIAGES,3.8299999999999996
2 hands,3.03
28,3.89
3001,2.63
360,2.23
3D (feat. Jack Harlow),3.36
500lbs,2.41
505,4.23
57,4.97
7 Minute Drill,3.54
7969 Santa,4.33
8am in Charlotte,4.45
A Bar Song (Tipsy),2.85
A Holly Jolly Christmas,2.26
A Night To Remember,3.89
ACHO PR,5.99
ADIVINO,4.64
ALL RED,2.47
ALLIIGATOR TEARS,2.99
AMERICA HAS A PROBLEM (feat. Kendrick Lamar),4.35
AMERIICAN REQUIEM,5.419999999999999
AMG,2.92
ANTHEM PART 3,3.55
APT.,2.83
ATTITUDE (FEAT. CHARLIE WILSON & CASH COBAIN),2.68
Abracadabra (feat. Travis Scott),4.13
Agora Hills,4.42
Ain't No Love,3.05
Ain't No Love In Oklahoma (From Twisters: The Album),3.52
Ain't No Mountain High Enough,2.53
Ain't No Sunshine,2.08
All Alone,3.71
All I Want for Christmas Is You,4.02
All My Life (feat. J. Cole),3.73
All Summer Long,4.96
All The Parties (feat. Chief Keef),3.64
All The Stars (with SZA),3.87
"All The Way Live (Spider-Man: Across the Spider-Verse) (Metro Boomin & Future, Lil Uzi Vert)",4.09
All You Had To Do Was Stay (Taylor's Version),3.22
"Am I Dreaming (Metro Boomin & A$AP Rocky, Roisee)",4.27
Amen (feat. Teezo Touchdown),2.35
American Girl,3.58
American Kids,3.0499999999999994
American Nights,3.65
American Pie,8.61
Amped,2.88
"Annihilate (Spider-Man: Across the Spider-Verse) (Metro Boomin & Swae Lee, Lil Wayne, Offset)",3.86
Another Late Night (feat. Lil Yachty),2.84
Anti-Hero,3.3399999999999994
Antichrist,5.24
Apple,2.53
Aquí Te Espero,4.26
Are You Gone Already,4.51
Area Codes,2.32
As Good As I Once Was,3.8
As It Was,2.79
Attention,4.62
Austin,2.86
Austin (Boots Stop Workin'),2.86
Away From Home,4.31
Aye (feat. Travis Scott),3.4599999999999995
BABY NUEVA,4.01
BACK TO ME,4.92
BAND4BAND (feat. Lil Baby),2.35
BANDIT,2.46
BATICANO,4.27
BBL Love - Interlude,2.69
BEG FORGIVENESS,6.15
BELLAKEO,3.29
BEST INTEREST,2.13
BIRDS OF A FEATHER,3.51
BITTERSUITE,4.97
BLACKBIIRD,2.2
BLUE,5.72
BODYGUARD,4.0
BROTHER STONE (FEAT. KODAK BLACK),3.38
BURN,1.8599999999999999
BYE,3.55
Baby Please,2.97
"Baby, It's Cold Outside",2.4
Back To December (Taylor's Version),4.9
Bad Blood (Taylor's Version),3.52
Bad Blood (feat. Kendrick Lamar) (Taylor's Version),3.33
Bad Habit,3.8700000000000006
Bad One,4.5
Bahamas Promises,3.07
Balloon (feat. Doechii),2.57
Bandit,2.46
Barbie Dangerous,2.21
Barbie World (with Aqua) [From Barbie The Album],1.8299999999999998
Beautiful Things,3.01
Bed Chem,2.86
Beep Beep,1.59
Beer For My Horses,3.4
Belong Together,2.47
Better Days (feat. John Mayer),3.54
Better Than Revenge (Taylor's Version),3.6699999999999995
Big Dawgs,3.18
Big Difference,3.19
Big Foot,4.37
Blank Space,3.8600000000000003
Blank Space (Taylor's Version),3.86
Blinding Lights,3.33
Bloody Mary,4.08
Blue Christmas,2.15
Bongos (feat. Megan Thee Stallion),2.92
Boons,3.09
Born in the U.S.A.,4.64
Boy's a Liar Pt. 2,2.18
Boys Of Faith (feat. Bon Iver),2.85
Brand New Dance,3.44
Breaking News - skit,0.62
Breathe,2.85
Brown Eyed Girl,3.06
But Daddy I Love Him,5.67
Bye,3.5499999999999994
Bye Bye Bye - From Deadpool and Wolverine Soundtrack,3.34
CARNIVAL,4.41
CHIHIRO,5.06
CIRCUS MAXIMUS,4.31
CIRCUS MAXIMUS (feat. The Weeknd & Swae Lee),4.31
CS,3.53
CYBERTRUCK,3.2
California Sober (Feat. Chris Stapleton),3.41
Call Your Friends,2.55
Call Your Mom,4.64
"Calling (Spider-Man: Across the Spider-Verse) (Metro Boomin & Swae Lee, NAV, feat. A Boogie Wit da Hoodie)",3.66
Calling For You (feat. 21 Savage),4.76
Calm Down (with Selena Gomez),3.99
Can’t Catch Me Now - from The Hunger Games: The Ballad of Songbirds & Snakes,3.42
Cars Bring Me Out (feat. Future),3.38
Cassandra,4.0
Castles Crumbling (feat. Hayley Williams) (Taylor’s Version) (From The Vault),5.1
Casual,3.8799999999999994
"Changes In Latitudes, Changes In Attitudes",3.29
Cheeseburger In Paradise,2.93
Chemical,3.07
Chicken Fried,3.97
Chill Bae,2.31
Chloe or Sam or Sophia or Marcus,3.55
Christmas (Baby Please Come Home),2.77
Christmas Time Is Here,2.72
Christmas Tree Farm,3.8
Cinderella,2.83
Clara Bow,3.61
Claustrophobic,3.7
Clean (Taylor's Version),4.52
Close To You,3.77
Clouded,1.8400000000000003
Cobra,2.82
Coincidence,2.74
Come Monday,3.2
Cool With You,2.46
Corazón de Piedra,3.23
"Courtesy Of The Red, White And Blue (The Angry American)",3.2600000000000002
Cowgirls (feat. ERNEST),3.03
Creepin' (with The Weeknd & 21 Savage),3.69
Crocodile Tearz,3.82
Cruel Summer,2.97
Cruel Summer - Live from TS | The Eras Tour,3.83
Crush Em,2.76
Cry,3.11
Cupid - Twin Ver.,2.9
DAUGHTER,3.4
DELRESTO (ECHOES),4.57
DELRESTO (ECHOES) (feat. Beyoncé),4.57
DESERT EAGLE,1.21
DEVIL IS A LIE,2.18
DJ Got Us Fallin' In Love (feat. Pitbull),3.68
DO IT,3.75
DOS DÍAS,2.57
Dance The Night (From Barbie The Album),2.94
Dance The Night - From Barbie The Album,2.94
Dancing In The Flames,3.6699999999999995
Danger (Spider) (Offset & JID),3.42
Dark Red,2.89
"Darling, I (feat. Teezo Touchdown)",4.23
Dawns (feat. Maggie Rogers),4.85
Daylight,3.4585483870967737
Days Come and Go,4.29
Dead or Alive,2.04
Dear John (Taylor's Version),6.7700000000000005
Deck The Hall,1.15
Deck The Halls,1.15
Deep Satin,3.52
Deeper Well,3.87
Defying Gravity,7.66
Deli,2.11
Demons,3.26
Devil I've Been (Feat. ERNEST),3.0499999999999994
Dial Drunk,3.56
Dial Drunk (with Post Malone),3.56
Did It First (with Central Cee),1.9700000000000002
Die For You,4.34
Die With A Smile,4.19
Died and Came Back,3.01
Diet Pepsi,2.83
Disco,2.55
Disease,3.83
Disturbia,3.98
Do They Know It's Christmas? - 1984 Version,3.71
Do You Hear What I Hear? - Remastered 2006,2.76
Doctor (Work It Out) [feat. Miley Cyrus],3.04
Don't Understand,3.06
Don’t Blame Me,3.94
Don’t Smile,3.44
Doomsday (with Juice WRLD & Cordae),2.52
Down Bad,4.35
Dreams - 2004 Remaster,4.3
Drew A Picasso,4.38
Drugs You Should Try It,3.47
Dumb & Poetic,2.22
ETA,2.52
East Side of Sorrow,3.49
El Azul,3.12
El Dorado,3.05
El Gordo Trae El Mando,1.87
Electric Touch (feat. Fall Out Boy) (Taylor’s Version) (From The Vault),4.44
Ella Baila Sola,2.76
Empire Now,2.97
Enchanted,5.87
Enchanted (Taylor's Version),5.89
End of Beginning,2.65
Endless Fashion (feat. Nicki Minaj),3.61
Enough (Miami),2.65
Enough Is Enough,2.75
Espresso,2.92
Evergreen,1.45
Everybody (feat. Lil Uzi Vert),3.01
Everyday Hustle,3.78
Evil,3.84
Evil Ways (feat. J. Cole),3.79
FE!N,3.2000000000000006
FE!N (feat. Playboi Carti),3.2
FIELD TRIP,2.79
FINA,3.61
FLAMENCO,1.67
FRIED,2.99
FTCU,2.8700000000000006
FUK SUMN,3.49
Fallin 4 U,3.84
Family Matters,7.62
Fare Well,3.14
Fast Car,4.42
Father Stretch My Hands Pt. 1,2.27
Favorite Song,3.48
Favorite Song (feat. Future) [Toxic Version],3.48
Fear Of Heights,2.59
Fear and Friday's,2.86
Fear and Friday's (Poem),1.79
Feather,3.09
Feel It - From The Original Series “Invincible”,2.63
Feliz Navidad,3.03
Femininomenon,3.66
Fever,2.38
Finer Things (Feat. Hank Williams Jr.),3.09
Fire Alarm,3.09
Firework,3.7999999999999994
First Person Shooter (feat. J. Cole),4.12
Five Nights at Freddy's,2.76
Flooded The Face,3.21
Florida!!! (feat. Florence + The Machine),3.59
Flowers,3.34
Foolish One (Taylor’s Version) (From The Vault),5.2
Forever,4.47
Fortnight (feat. Post Malone),3.82
Fortunate Son,2.35
Fresh Out The Slammer,3.51
Fried (She a Vibe),3.5
From The Start,2.83
Fuel,3.56
GIRLS,2.55
GOD'S COUNTRY,2.13
GOOD (DON'T DIE),3.32
GRACIAS POR NADA,2.9599999999999995
GTA,3.88
Gata Only,3.7
Gata Only (Mashup),3.59
Gently (feat. Bad Bunny),2.23
Get It Sexyy,2.48
Ghostbusters,4.01
Goes Without Saying (Feat. Brad Paisley),3.54
Good Graces,3.09
"Good Luck, Babe!",3.64
Gucci Grocery Bag,2.92
Guess featuring Billie Eilish,2.39
Guess featuring billie eilish,2.39
Guilty Conscience 2,5.43
Guilty as Sin?,4.24
Guy For That (Feat. Luke Combs),2.73
H.Y.B. (feat. Bas & Central Cee),3.91
HARLEY QUINN,2.39
HIBIKI,3.47
HISS,3.21
HOODRAT,3.72
HOT TO GO!,3.08
HUMBLE.,2.95
HVN ON EARTH (with Kodak Black),3.15
HYAENA,3.7000000000000006
Habits,4.97
Happy Holiday / The Holiday Season,2.62
Happy Xmas (War Is Over) - Remastered 2010,3.57
Haunted (Taylor's Version),4.09
Have The Heart (Feat. Dolly Parton),3.06
Have Yourself A Merry Little Christmas - Remastered 1999,3.44
Head Honcho,3.91
Heading South,2.86
Heartless,3.52
Heather,3.3
Heavy Is the Crown,2.78
Hellcat Kenny (feat. Lil Uzi Vert),2.57
Here Comes Santa Claus (Right Down Santa Claus Lane),1.93
Here Comes Santa Claus (Right Down Santa Claus Lane) - 1947 Version,2.5
Hey Daddy (Daddy's Home),3.73
Hey Driver (feat. The War and Treaty),3.7899999999999996
Hey Jane,4.01
Hide My Gun (Feat. HARDY),3.67
High Road,3.3300000000000005
High Road (feat. Jessie Murph),2.99
Hits Different,3.91
Holly Jolly Christmas,2.0
Holy Roller (feat. Sierra Ferrell),3.6
Home,2.62
Houdini,3.6675999999999997
How Did It End?,3.9799999999999995
How Do You Like Me Now?!,3.48
How You Get The Girl (Taylor's Version),4.13
Huntin’ Wabbitz,2.7
I Ain't Worried,2.47
I Can Do It With a Broken Heart,3.6300000000000003
I Can Fix Him (No Really I Can),2.6
I Can See You (Taylor’s Version) (From The Vault),4.55
I Gotta,2.8800000000000003
I Had Some Help (Feat. Morgan Wallen),2.97
I Hate It Here,4.06
I Hope You Find Your Way Home,4.5
I KNOW ?,3.53
I Killed You,2.81
I Know Places (Taylor's Version),3.26
I LUV IT (feat. Playboi Carti),2.91
I Look in People's Windows,2.2
I Love This Bar,5.59
"I Love You, I'm Sorry",2.62
I Remember Everything (feat. Kacey Musgraves),3.79
I Saw Mommy Kissing Santa Claus,3.02
I Want a Hippopotamus for Christmas (Hippo the Hero),2.59
I Wish You Would (Taylor's Version),3.46
I might say something stupid featuring the 1975 & jon hopkins,4.18
"I swear, I Really Wanted To Make A ""Rap"" Album But This Is Literally The Way The Wind Blew Me This Time",12.33
I'm Shipping Up To Boston,2.56
IDGAF (feat. Yeat),4.34
II HANDS II HEAVEN,5.69
II MOST WANTED,3.48
Ice Attack,3.32
Igual Que Un Ángel (with Peso Pluma),4.34
In Your Love,3.7600000000000002
Innocent (Taylor's Version),5.02
Is It Over Now? (Taylor's Version) (From The Vault),3.8199999999999994
It's Beginning to Look a Lot Like Christmas (with Mitchell Ayres & His Orchestra),2.6
It's Beginning to Look a Lot like Christmas,3.45
It's Five O'Clock Somewhere,3.835
It's Getting Hot,2.24
It's Up (feat. Young Thug & 21 Savage),4.63
It's ok I'm ok,2.61
It's the Most Wonderful Time of the Year,2.520714285714286
I’m Just Ken (From Barbie The Album),3.71
JOLENE,3.16
JUST FOR FUN,3.41
Jake's Piano - Long Island,5.32
Jennifer’s Body,2.64
Jimmy Cooks (feat. 21 Savage),3.64
Jingle Bell Rock,2.18
Jingle Bells - Remastered 1999,2.01
Joy To The World,1.42
Judge Judy,4.49
Juno,3.7200000000000006
Just Wanna Rock,2.06
K-POP,3.09
KEHLANI,2.04
KEYS TO MY LIFE,2.9
KING,2.61
Karma,3.4099999999999997
Karma (feat. Ice Spice),3.36
Kill Bill,2.57
Knee Deep (feat. Jimmy Buffett),3.39
LA DURANGO,4.38
LA PATRULLA,2.18
LA PEOPLE II,2.35
LADY GAGA,3.55
LALA,3.3
LEVII'S JEANS,4.29
LIL DEMON,2.32
LOOOVE,3.78
LOOOVE (feat. Kid Cudi),3.78
LOS PITS,4.18
LOST FOREVER,2.72
LOST FOREVER (feat. Westside Gunn),2.72
LUNA,2.73
LUNCH,2.99
La Bebe - Remix,3.91
La Diabla,2.87
La Víctima,2.61
Lace It (with Eminem & benny blanco),3.63
Last Christmas - Single Version,4.43
Last Kiss (Taylor's Version),6.15
Last Night,2.73
Last Time I Saw You,3.61
Lavender Haze,3.3699999999999997
Let It Snow! Let It Snow! Let It Snow!,1.9499999999999997
Let It Snow! Let It Snow! Let It Snow! (with The B. Swanson Quartet),2.59
Let Me Calm Down (feat. J. Cole),4.07
Lie To Girls,3.37
Lies Lies Lies,3.2999999999999994
Light Year (Practice),2.74
Like Crazy,3.54
Like Him (feat. Lola Young),4.630000000000001
Like That,4.46
Lil Boo Thang,1.9
Lithonia,2.9828571428571427
Little Saint Nick - 1991 Remix,1.9800000000000002
Lonely Road (with Jelly Roll),3.16
Long Live (Taylor's Version),5.3
Lose Control,3.51
Losers (Feat. Jelly Roll),3.48
Love Somebody,3.41
Love in This Club (feat. Young Jeezy),4.33
Lover,3.69
Lovers Rock,3.57
Lovin On Me,2.31
Lucifer,4.36
Lucky Enough (Poem),2.7
Lyft Em Up,2.74
L’AMOUR DE MA VIE,5.569999999999999
M-E-X-I-C-O (Feat. Billy Strings),2.6
MATHEMATICAL DISRESPECT,1.47
MELTDOWN,4.1
MELTDOWN (feat. Drake),4.1
MERCEDES CAROTA,3.38
MI EX TENÍA RAZÓN,2.57
MILLION DOLLAR BABY,2.59
MILLION DOLLAR BABY (VHS),2.59
MODERN JAM,4.26
MODERN JAM (feat. Teezo Touchdown),4.26
MOJABI GHOST,3.87
MONACO,4.45
MR. OCTOBER,3.15
MY EYES,4.19
MY HOUSE,4.38
MY ROSE,0.89
Ma Meilleure Ennemie (from the series Arcane League of Legends),2.47
Magic Don Juan (Princess Diana),3.68
Magnetic,2.68
"Mama, I’m Sorry",3.52
Mamaw's House,3.12
Mamushi (feat. Yuki Chiba),2.62
Margaritaville,4.18
Mean (Taylor's Version),3.98
Mechanical Bull,3.48
Mele Kalikimaka (Merry Christmas),2.92
Members Only (feat. PARTYNEXTDOOR),4.63
Memphis; The Blues (feat. John Moreland),3.16
Meteor Man,3.79
Mine (Taylor's Version),3.86
Missin’ You Like This (Feat. Luke Combs),3.7099999999999995
Mistletoe,3.05
Mistletoe And Holly - Remastered 1999,2.27
Mmhmm,1.98
Money On The Dresser,2.22
Money Trees,6.449999999999999
Monster Mash,3.2
Moonlight,3.13
Mourning,2.46
Mr Chow,2.95
Mr. Brightside,3.72
Murder On The Dancefloor,3.83
My Boo,3.72
My Boy Only Breaks His Favorite Toys,3.4
My Love Mine All Mine,2.3
NADIE SABE,6.32
NEL,2.48
NEW DROP,3.62
NIGHTS LIKE THIS,1.45
NO ME QUIERO CASAR,3.76
Nakamura,3.3
Needle (feat. Drake),3.93
Neva Play (feat. RM of BTS),2.62
Never Grow Up (Taylor's Version),4.88
Never Lose Me,2.1
Never Love You Again (Feat. Sierra Ferrell),3.11
New Jeans,1.82
New Romantics,3.84
New Romantics (Taylor's Version),3.8400000000000003
New Year’s Day,3.92
Night Changes,3.78
Nine Ball,2.83
No Complaints,3.42
No Face,2.29
No One Noticed,3.95
No One Noticed (Extended English),4.74
No Pole,3.13
No Role Modelz,4.88
Noid,4.749615384615385
Nonsense,2.73
Northern Attitude (with Hozier),4.45
Nosedive (Feat. Lainey Wilson),3.21
Not Allowed,2.8
Not An Option,2.51
Not Like Us,4.57
Novacandy,3.29
Now And Then,4.14
Now That We Don't Talk (Taylor's Version) (From The Vault),2.44
OCEAN,3.38
OH LOUISIANA,0.87
ONE CALL,2.02
Oak Island,3.9900000000000007
Of Course (Bonus Track),3.48
Oh U Went (feat. Drake),3.09
Oklahoman Son,4.16
On The Radar Freestyle,4.59
"One Of The Girls (with JENNIE, Lily Rose Depp)",4.08
One Of Your Girls,3.02
One Thing At A Time,3.45
Or What,3.32
Ours (Taylor’s Version),3.93
Out Of My Hands,4.05
Out Of The Woods,3.93
Out Of The Woods (Taylor's Version),3.93
Overcompensate,3.93
Overdrive,2.46
Overtime,3.18
PAID,3.25
PAPERWORK,2.43
PARASAIL,2.58
PARASAIL (feat. Yung Lean & Dave Chappelle),2.58
PERRO NEGRO,2.71
PLUTOSKI,2.98
PRC,3.0700000000000003
PRESS THE BUTTON,2.84
PROBLEMATIC,3.25
PROMOTION,2.65
PROTECTOR,3.07
Paars In The Mars,3.0
Paint The Town Red,3.84497461928934
Parade on Cleveland (feat. Drake),3.8
Parking Lot,2.9199999999999995
Party In The U.S.A.,3.37
Patience (feat. Don Toliver),4.37
Paul Revere,3.56
Pelle Coat,4.23
"Peso Pluma: Bzrp Music Sessions, Vol. 55",3.14
Peter,4.7299999999999995
Pi (feat. Daylyt & Ab-Soul),5.91
Pink + White,3.08
Pink Pony Club,4.3
Pink Skies,3.25
Please Come Home for Christmas - 2013 Remaster,2.9599999999999995
Please Please Please,3.1099999999999994
Pluto to Mars,4.11
Polar Opposites,4.29
Popular,4.03
Popular (with Playboi Carti & Madonna),3.59
Popular (with Playboi Carti & Madonna) - From The Idol Vol. 1 (Music from the HBO Original Series),3.5900000000000003
Popular (with Playboi Carti & Madonna) - Music from the HBO Original Series,3.59
Popular (with Playboi Carti & Madonna) - The Idol Vol. 1 (Music from the HBO Original Series),3.59
Por las Noches,4.0
Pour Me A Drink (Feat. Blake Shelton),3.25
Praise Jah In The Moonlight,4.38
"Pricey (feat. Ari Lennox, Young Dro & Gucci Mane)",4.92
Princess Diana (with Nicki Minaj),2.87
Psycho Killer - 2005 Remaster,4.36
Purple Gas,3.0
Push Ups,3.88
QLONA,2.88
Que Onda,3.19
Qué Pasaría...,3.18
READY TO COOK UP,2.79
RELOJ,3.87
RIIVERDANCE,4.2
ROSA PASTEL,3.4
Rah Tah Tah,2.76
Ready ‘24 (feat. Cam’ron),3.5
Red Button,2.67
Red Leather,6.91
Red Wine Supernova,3.21
Rehab,4.08
Religiously,2.98
Renaissance,1.64
Rich Baby Daddy (feat. Sexyy Red & SZA),5.32
Rich Flex,3.99
Rich Girl,2.38
Rich Men North of Richmond,3.1200000000000006
Road Rage,3.63
Robin,4.01
Rockin' Around The Christmas Tree,2.1
Romantic Homicide,2.21
Rompe La Dompe,2.76
Rudolph The Red-Nosed Reindeer,2.17
Run Rudolph Run,2.76
Runnin Outta Time,3.42
Rush,2.61
S91,2.88
SABOR FRESA,2.61
SAY MY GRACE (feat. Travis Scott),2.89
SEDA,3.17
SIRENS,3.41
SKI,2.46
SKINNY,3.66
SKITZO,6.11
SKITZO (feat. Young Thug),6.11
SLIDE,3.2999999999999994
SLUT ME OUT,2.06
SMOKE HOUR ★ WILLIE NELSON,0.85
SPAGHETTII,2.64
STARS,1.92
SWEET ★ HONEY ★ BUCKIIN',4.94
Sailor Song,3.53
Santa Baby (with Henri René & His Orchestra),3.43
"Santa Claus Is Comin' to Town - Live at C.W. Post College, Greenvale, NY - December 1975",4.46
Santa Claus Is Coming To Town,2.4
Santa Tell Me,3.4
Santa Tell Me - Naughty Version,3.39
"Santa, Can’t You Hear Me",4.04
Sarah's Place (feat. Noah Kahan),3.57
Saturn,3.1
Saturn Returns Interlude,0.7
Say Don't Go (Taylor's Version) (From The Vault),4.66
Say Yes To Heaven,3.49
Scared To Start,2.66
Screw The World - Interlude,1.87
Search & Rescue,4.54
See You Again (feat. Kali Uchis),3.01
Seen it All,2.99
Self Love (Spider-Man: Across the Spider-Verse) (Metro Boomin & Coi Leray),3.16
Selfish,3.82
September,3.6
Seven (feat. Latto) (Explicit Ver.),3.0693258426966286
Shake It Off,3.65
Shake It Off (Taylor's Version),3.65
Sharpest Tool,3.64
She Calls Me Back (with Kacey Musgraves),4.07
She Stank,2.1
Should've Been A Cowboy,3.5200000000000005
Shut up My Moms Calling,2.74
Si Antes Te Hubiera Conocido,3.26
Si No Quieres No,2.45
Sign Me Up,3.32
Single Soon,2.86
Skin and Bones,3.58
Sleigh Ride,3.02
Slim Pickins,2.54
Slime You Out (feat. SZA),5.17
Slimed In,3.25
Slow It Down,2.7000000000000006
Smaller Acts,3.12
Smeraldo Garden Marching Band (feat. Loco),3.05
Snooze,3.36
Snooze (Acoustic) (feat. Justin Bieber),3.17
Snow On The Beach (feat. More Lana Del Rey),3.83
Snowman,2.76
So High School,3.81
"So Long, London",4.38
Somebody Save Me,3.84
Somebody's Watching Me - Single Version,3.98
Something Real,3.42
Something in the Orange,3.8
Sparks Fly (Taylor’s Version),4.35
Speak Now (Taylor's Version),4.04
Speed Drive (From Barbie The Album),1.96
Spin Again,1.63
Spin You Around (1/24),3.4900000000000007
"Spooky, Scary Skeletons - Undead Tombstone Remix",2.09
Spotless (feat. The Lumineers),2.82
St. Chroma (feat. Daniel Caesar),3.28
Stand By Me (feat. Morgan Wallen),3.65
Standing Next to You,3.43
Stargazing,2.88
Stealth Mode (feat. Bas),2.25
Stick Season,3.04
"Sticky (feat. GloRilla, Sexyy Red & Lil Wayne)",4.27
Stickz N Stonez,3.35
Stories About My Brother,4.4
Story of My Life,4.09
Strangers,2.88
Style,3.85
Style (Taylor's Version),3.8499999999999996
Suburban Legends (Taylor's Version) (From The Vault),2.86
Suicide Doors,4.32
Summertime's Close,3.1
Sun to Me,2.72
Sunflower - Spider-Man: Into the Spider-Verse,2.63
Super Freak,3.42
Super Shy,2.58
Superhero (Heroes & Villains) [with Future & Chris Brown],3.04
Superman (Taylor’s Version),4.58
Sure Thing,3.26
Surround Sound (feat. 21 Savage & Baby Tate),3.83
Sweater Weather,4.01
Sweet Dreams,2.89
Sweet Home Alabama,4.73
Sympathy is a knife featuring ariana grande,2.57
TALKING,3.09
TEFLON DON,2.66
TELEFONO NUEVO,5.91
TELEKINESIS,5.900000000000001
TELEKINESIS (feat. SZA & Future),5.9
TEXAS HOLD 'EM,3.9156250000000004
TGIF,2.74
THANK GOD,3.08
THE DINER,3.11
THE GREATEST,4.9
THUNDER Y LIGHTNING,3.62
TIL FURTHER NOTICE,5.25
TIL FURTHER NOTICE (feat. James Blake & 21 Savage),5.25
TOO FAST,3.43
TOO MUCH,3.4
TOPIA TWINS,3.72
TOPIA TWINS (feat. Rob49 & 21 Savage),3.7200000000000006
TQG,3.3
TQM,2.65
TULUM,3.49
TV,4.69
TYRANT,4.18
"Take Me Home, Country Roads",3.3
Take Two,3.83
Take Your Mask Off (feat. Daniel Caesar & LaToiya Williams),4.23
Talk talk featuring troye sivan,2.88
Talking / Once Again,3.09
Taste,2.62
Tell Ur Girlfriend,2.07
Temporary,4.96
That Fiya,2.58
That’s So True,2.77
The Addams Family,1.41
The Albatross,3.06
The Alchemy,3.28
The Black Dog,3.98
The Bolter,3.97
The Christmas Song (Merry Christmas To You),3.193529411764706
The Emptiness Machine,3.17
The End (feat. BABYMETAL),3.12
The Great American Bar Scene,3.61
The Kind of Love We Make,3.7399999999999998
The Man He Sees in Me,2.75
The Manuscript,3.75
The Prophecy,4.16
The Rush (feat. Big Time Rush),3.11
The Shoe Fits,6.23
The Smallest Man Who Ever Lived,4.09
The Story Of Us (Taylor's Version),4.46
The Thin Grey Line,1.7600000000000002
The Tortured Poets Department,4.88
The Way Back,3.09
"The girl, so confusing version with lorde",3.43
Thick Of It (feat. Trippie Redd),2.68
Think U The Shit (Fart),2.36
Thinkin Bout You,3.35
Thinkin’ Bout Me,2.96
This Christmas,3.85
This Is Halloween,3.28
This Love (Taylor’s Version),4.17
This World's A Giant,3.6
Thought I Was Dead (feat. ScHoolboy Q & Santigold),3.45
Thriller,5.96
Thriller - 2003 Edit,5.19
Ticking,4.04
Timeless (Taylor’s Version) (From The Vault),5.36
Timeless (with Playboi Carti),4.27
Tobey (feat. Big Sean and BabyTron),4.75
Tomorrow,3.04
Too Cool To Die,3.42
Too Sweet,4.19
Total Eclipse of the Heart,4.46
Tough,3.15
Tourniquet,3.1499999999999995
Tradesman,3.13
Trae The Truth in Ibiza,4.26
Training Season,3.49
Trance (with Travis Scott & Young Thug),3.25
Tried Our Best,3.5
Trouble,0.69
Try That In A Small Town,3.0
Tu Boda,3.76
Turks & Caicos (feat. 21 Savage),3.39
Two Faced,3.06
Type Shit,3.8
Tú Con Él,4.82
UN PREVIEW,2.76
UNA NOCHE EN MEDELLÍN - REMIX,3.42
Una Velita,4.0
Uncle M,2.33
Underneath the Tree,3.83
Used To Be Young,3.19
VOU 787,2.06
VUELVE CANDY B,4.44
VULTURES,4.62
VVS,2.71
Virginia Beach,4.18
Vultures,4.29
WHATCHU KNO ABOUT ME (feat. Sexyy Red),2.49
WHERE SHE GOES,3.86
WHISKEY WHISKEY (feat. Morgan Wallen),2.68
WILDFLOWER,4.36
WTFYM,4.88
Wagon Wheel,4.97
Wanna Be (with Megan Thee Stallion),2.61
Want Me Dead (feat. 21 Savage),3.25
War Bout It (feat. 21 Savage),2.67
Wasted On You,2.98
Watch This - ARIZONATEARS Pluggnb Remix,2.72
Water,3.3400000000000003
We Don't Trust You,3.77
We Found Love,3.59
We Good,2.08
We Still Don't Trust You,4.22
Welcome To New York (Taylor's Version),3.54
Werewolf (feat. Bring Me The Horizon),4.0
What Don't Belong To Me,3.45
What Is This Feeling?,3.82
"What Was I Made For? [From The Motion Picture ""Barbie""]",3.7100000000000004
What Would Pluto Do,3.05
Whatever She Wants,2.69
Whatever She Wants [BONUS],2.69
When Emma Falls in Love (Taylor’s Version) (From The Vault),4.21
When It Rains It Pours,4.01
Where the Wild Things Are,3.9900000000000007
Whiskey Glasses,3.9099999999999997
White Christmas - 1947 Version,2.96
White Horse,4.46
Who,2.85
Who Told You (feat. Drake),3.48
Who’s Afraid of Little Old Me?,5.57
Wick Man,3.02
Wild Ones (feat. Jelly Roll),2.36
Wildest Dreams (Taylor's Version),3.67
Wildflower and Barley (feat. Allison Russell),3.7
Wind Up Missin’ You,2.7715384615384617
Winter Wonderland - Remastered,2.37
Winter Wonderland - Spotify Singles Holiday,2.21
"Wit Da Racks (feat. 21 Savage, Travis Scott & Yak Gotti)",3.77
Wonderful Christmastime - Edited Version / Remastered 2011,3.79
Wonderland (Taylor's Version),4.09
World Tour (Aquafina),2.6
Wrong Ones (Feat. Tim McGraw),3.2600000000000002
YA YA,4.58
Yeah Glo!,2.38
Yeah! (feat. Lil Jon & Ludacris),4.17
You Are In Love (Taylor's Version),4.46
You Broke My Heart,3.85
You Proof,2.62
You Should Probably Leave,3.56
Young Metro,3.42
"Your Needs, My Needs",3.46
Yours,3.32
You’re Gonna Go Far,4.77
You’re Losing Me (From The Vault),4.63
Zoom (Bonus Track),2.77
act ii: date @ 8,1.890754716981132
act ii: date @ 8 (feat. Drake) - remix,3.86
all of me,3.3
all-american bitch,2.76
august,4.37
back at it,3.1
back to the moon,3.22
bad idea right?,3.08
ballad of a homeschooled girl,3.39
bye,2.75
cardigan,3.99
dangerous,4.42
"dodger blue (feat. wallie the sensei, roddy ricch, siete7x)",2.19
"dodger blue (feat. wallie the sensei, siete7x, roddy ricch)",2.19
"dodger blue (feat. wallie the sensei, siete7x, roddy ricch))",2.19
don't wanna break up again,2.9
eternal sunshine,3.5
euphoria,6.39
exes,2.66
fukumean,2.08
get him back!,3.52
girl i’ve always been,2.02
gloria (feat. sza),4.79
gloria (with sza),4.79
"gnx (feat. hitta j3, youngthreat, peysoh)",3.23
golden hour,3.4900000000000007
greedy,2.2
heart pt. 6,4.87
hey now (feat. dody6),3.62
i like the way you kiss me,2.38
i wish i hated you,2.56
if u think i'm pretty,2.14
imgonnagetyouback,3.7
imperfect for you,3.04
intro (end of the world),1.54
just like me,3.86
lacy,2.95
letter to my brudda,2.65
logical,3.87
loml,4.62
love hotel,2.54
love is embarrassing,2.5800000000000005
luther (with sza),2.96
making the bed,3.31
man at the garden,3.89
meet the grahams,6.54
misses,1.24
n.h.i.e.,2.4
née-nah,3.68
obsessed,2.84
on one tonight,1.51
one of wun,2.4
ordinary things (feat. Nonna),2.81
peekaboo (feat. azchike),2.6
pop ur shit,3.22
pretty isn’t pretty,3.32
prove it,3.4599999999999995
red sky,2.9500000000000006
redrum,4.51
reincarnated,4.6
run for the hills,2.4
scared of my guitar,4.4
see the real,3.03
should've wore a bonnet,3.11
sneaky,3.36
so american,2.83
squabble up,2.63
stranger,3.21
supernatural,2.72
teenage dream,3.71
thanK you aIMee,4.4
the boy is mine,2.89
the grudge,3.1600000000000006
true story,2.72
tv off (feat. lefty gunplay),3.68
un x100to,3.24
us. (feat. Taylor Swift),4.04
vampire,3.66
wacced out murals,5.28
we can't be friends (wait for your love),3.8099999999999996
we fell in love in october,3.07
x2,3.91
"yes, and?",3.58
you look like you love me (feat. Riley Green),3.74
